RightHand,LeftHand,LeftShoulder,RightShoulder,RightArm,LeftArm,LeftFoot,RightFoot,LeftLeg,RightLeg,LeftUpLeg,RightUpLeg,Head,Neck,Hips,Spine,Spine2
"(140, 216, 0)","(267, 215, 0)","(244, 136, 0)","(159, 138, 0)","(139, 177, 0)","(271, 175, 0)","(235, 326, 0)","(182, 326, 0)","(232, 274, 0)","(179, 278, 0)","(228, 221, 0)","(181, 223, 0)","(200, 96, 0)","(201.5, 137.0, 0.0)","(204.5, 222.0, 0.0)","(204.5, 222.0, 0.0)","(203.0, 179.5, 0.0)"
"(139, 216, 0)","(266, 215, 0)","(244, 136, 0)","(159, 138, 0)","(138, 177, 0)","(271, 174, 0)","(235, 326, 0)","(183, 326, 0)","(232, 274, 0)","(179, 278, 0)","(229, 222, 0)","(181, 223, 0)","(201, 95, 0)","(201.5, 137.0, 0.0)","(205.0, 222.5, 0.0)","(205.0, 222.5, 0.0)","(203.25, 179.75, 0.0)"
"(139, 216, 0)","(266, 215, 0)","(245, 136, 0)","(159, 138, 0)","(138, 177, 0)","(271, 174, 0)","(235, 326, 0)","(183, 326, 0)","(232, 274, 0)","(179, 278, 0)","(229, 223, 0)","(181, 224, 0)","(201, 94, 0)","(202.0, 137.0, 0.0)","(205.0, 223.5, 0.0)","(205.0, 223.5, 0.0)","(203.5, 180.25, 0.0)"
"(138, 216, 0)","(266, 214, 0)","(245, 136, 0)","(159, 138, 0)","(137, 177, 0)","(271, 174, 0)","(235, 326, 0)","(183, 326, 0)","(232, 274, 0)","(179, 278, 0)","(229, 223, 0)","(181, 225, 0)","(201, 94, 0)","(202.0, 137.0, 0.0)","(205.0, 224.0, 0.0)","(205.0, 224.0, 0.0)","(203.5, 180.5, 0.0)"
"(138, 216, 0)","(266, 213, 0)","(245, 136, 0)","(159, 138, 0)","(137, 177, 0)","(271, 173, 0)","(235, 326, 0)","(183, 327, 0)","(232, 274, 0)","(178, 278, 0)","(229, 223, 0)","(181, 225, 0)","(201, 94, 0)","(202.0, 137.0, 0.0)","(205.0, 224.0, 0.0)","(205.0, 224.0, 0.0)","(203.5, 180.5, 0.0)"
"(137, 216, 0)","(266, 213, 0)","(245, 136, 0)","(159, 138, 0)","(136, 177, 0)","(271, 173, 0)","(235, 326, 0)","(183, 327, 0)","(232, 274, 0)","(178, 278, 0)","(229, 224, 0)","(181, 225, 0)","(201, 94, 0)","(202.0, 137.0, 0.0)","(205.0, 224.5, 0.0)","(205.0, 224.5, 0.0)","(203.5, 180.75, 0.0)"
"(137, 216, 0)","(266, 212, 0)","(245, 136, 0)","(159, 138, 0)","(136, 177, 0)","(271, 173, 0)","(235, 327, 0)","(184, 327, 0)","(232, 274, 0)","(179, 278, 0)","(229, 224, 0)","(181, 225, 0)","(201, 94, 0)","(202.0, 137.0, 0.0)","(205.0, 224.5, 0.0)","(205.0, 224.5, 0.0)","(203.5, 180.75, 0.0)"
"(136, 216, 0)","(267, 212, 0)","(245, 136, 0)","(160, 138, 0)","(136, 176, 0)","(272, 172, 0)","(235, 326, 0)","(184, 327, 0)","(232, 274, 0)","(179, 277, 0)","(229, 224, 0)","(181, 225, 0)","(201, 94, 0)","(202.5, 137.0, 0.0)","(205.0, 224.5, 0.0)","(205.0, 224.5, 0.0)","(203.75, 180.75, 0.0)"
"(136, 216, 0)","(267, 212, 0)","(245, 135, 0)","(160, 138, 0)","(136, 176, 0)","(272, 172, 0)","(235, 326, 0)","(184, 326, 0)","(231, 272, 0)","(179, 275, 0)","(229, 224, 0)","(181, 225, 0)","(201, 94, 0)","(202.5, 136.5, 0.0)","(205.0, 224.5, 0.0)","(205.0, 224.5, 0.0)","(203.75, 180.5, 0.0)"
"(135, 216, 0)","(268, 212, 0)","(245, 135, 0)","(160, 138, 0)","(135, 176, 0)","(272, 172, 0)","(235, 326, 0)","(184, 326, 0)","(231, 272, 0)","(179, 274, 0)","(229, 224, 0)","(181, 225, 0)","(201, 94, 0)","(202.5, 136.5, 0.0)","(205.0, 224.5, 0.0)","(205.0, 224.5, 0.0)","(203.75, 180.5, 0.0)"
"(135, 216, 0)","(268, 212, 0)","(245, 135, 0)","(160, 138, 0)","(135, 175, 0)","(272, 172, 0)","(235, 326, 0)","(184, 326, 0)","(231, 272, 0)","(179, 274, 0)","(229, 225, 0)","(181, 225, 0)","(201, 94, 0)","(202.5, 136.5, 0.0)","(205.0, 225.0, 0.0)","(205.0, 225.0, 0.0)","(203.75, 180.75, 0.0)"
"(134, 216, 0)","(268, 212, 0)","(245, 135, 0)","(160, 138, 0)","(135, 175, 0)","(272, 172, 0)","(235, 326, 0)","(184, 326, 0)","(231, 272, 0)","(179, 274, 0)","(229, 225, 0)","(181, 226, 0)","(201, 94, 0)","(202.5, 136.5, 0.0)","(205.0, 225.5, 0.0)","(205.0, 225.5, 0.0)","(203.75, 181.0, 0.0)"
"(134, 216, 0)","(269, 212, 0)","(245, 135, 0)","(159, 138, 0)","(134, 175, 0)","(272, 172, 0)","(235, 326, 0)","(184, 326, 0)","(231, 272, 0)","(179, 274, 0)","(229, 225, 0)","(182, 226, 0)","(201, 94, 0)","(202.0, 136.5, 0.0)","(205.5, 225.5, 0.0)","(205.5, 225.5, 0.0)","(203.75, 181.0, 0.0)"
"(133, 216, 0)","(269, 212, 0)","(245, 135, 0)","(159, 138, 0)","(134, 175, 0)","(272, 171, 0)","(235, 325, 0)","(184, 326, 0)","(231, 273, 0)","(179, 275, 0)","(229, 225, 0)","(182, 226, 0)","(201, 94, 0)","(202.0, 136.5, 0.0)","(205.5, 225.5, 0.0)","(205.5, 225.5, 0.0)","(203.75, 181.0, 0.0)"
"(133, 216, 0)","(269, 212, 0)","(245, 135, 0)","(159, 138, 0)","(134, 175, 0)","(272, 171, 0)","(235, 325, 0)","(184, 326, 0)","(231, 273, 0)","(179, 275, 0)","(229, 225, 0)","(182, 226, 0)","(200, 94, 0)","(202.0, 136.5, 0.0)","(205.5, 225.5, 0.0)","(205.5, 225.5, 0.0)","(203.75, 181.0, 0.0)"
"(133, 216, 0)","(269, 212, 0)","(244, 135, 0)","(159, 138, 0)","(134, 175, 0)","(272, 171, 0)","(234, 325, 0)","(184, 326, 0)","(231, 274, 0)","(179, 275, 0)","(229, 225, 0)","(182, 226, 0)","(200, 94, 0)","(201.5, 136.5, 0.0)","(205.5, 225.5, 0.0)","(205.5, 225.5, 0.0)","(203.5, 181.0, 0.0)"
"(133, 216, 0)","(269, 212, 0)","(244, 135, 0)","(159, 138, 0)","(134, 175, 0)","(272, 171, 0)","(234, 325, 0)","(184, 326, 0)","(231, 273, 0)","(179, 275, 0)","(229, 225, 0)","(182, 226, 0)","(200, 94, 0)","(201.5, 136.5, 0.0)","(205.5, 225.5, 0.0)","(205.5, 225.5, 0.0)","(203.5, 181.0, 0.0)"
"(133, 216, 0)","(269, 212, 0)","(244, 135, 0)","(159, 138, 0)","(134, 175, 0)","(272, 171, 0)","(234, 325, 0)","(184, 325, 0)","(231, 273, 0)","(179, 275, 0)","(229, 225, 0)","(182, 226, 0)","(200, 94, 0)","(201.5, 136.5, 0.0)","(205.5, 225.5, 0.0)","(205.5, 225.5, 0.0)","(203.5, 181.0, 0.0)"
"(134, 215, 0)","(269, 212, 0)","(244, 135, 0)","(159, 138, 0)","(134, 175, 0)","(272, 171, 0)","(233, 324, 0)","(184, 325, 0)","(231, 272, 0)","(179, 275, 0)","(230, 225, 0)","(182, 226, 0)","(200, 94, 0)","(201.5, 136.5, 0.0)","(206.0, 225.5, 0.0)","(206.0, 225.5, 0.0)","(203.75, 181.0, 0.0)"
"(134, 215, 0)","(269, 212, 0)","(244, 135, 0)","(159, 138, 0)","(134, 175, 0)","(272, 171, 0)","(233, 324, 0)","(183, 325, 0)","(231, 272, 0)","(179, 274, 0)","(230, 225, 0)","(182, 226, 0)","(200, 94, 0)","(201.5, 136.5, 0.0)","(206.0, 225.5, 0.0)","(206.0, 225.5, 0.0)","(203.75, 181.0, 0.0)"
"(134, 215, 0)","(269, 212, 0)","(244, 135, 0)","(159, 138, 0)","(134, 175, 0)","(272, 171, 0)","(233, 324, 0)","(183, 325, 0)","(231, 272, 0)","(179, 274, 0)","(230, 225, 0)","(182, 226, 0)","(200, 94, 0)","(201.5, 136.5, 0.0)","(206.0, 225.5, 0.0)","(206.0, 225.5, 0.0)","(203.75, 181.0, 0.0)"
"(134, 215, 0)","(269, 212, 0)","(244, 135, 0)","(159, 138, 0)","(134, 175, 0)","(272, 171, 0)","(233, 324, 0)","(183, 325, 0)","(231, 271, 0)","(179, 274, 0)","(230, 225, 0)","(182, 226, 0)","(200, 94, 0)","(201.5, 136.5, 0.0)","(206.0, 225.5, 0.0)","(206.0, 225.5, 0.0)","(203.75, 181.0, 0.0)"
"(134, 215, 0)","(269, 212, 0)","(244, 135, 0)","(159, 138, 0)","(134, 175, 0)","(272, 171, 0)","(233, 324, 0)","(183, 324, 0)","(230, 271, 0)","(179, 274, 0)","(230, 225, 0)","(182, 226, 0)","(200, 94, 0)","(201.5, 136.5, 0.0)","(206.0, 225.5, 0.0)","(206.0, 225.5, 0.0)","(203.75, 181.0, 0.0)"
"(134, 215, 0)","(269, 212, 0)","(244, 135, 0)","(159, 138, 0)","(134, 175, 0)","(272, 171, 0)","(233, 324, 0)","(183, 324, 0)","(230, 271, 0)","(179, 274, 0)","(230, 225, 0)","(182, 226, 0)","(200, 94, 0)","(201.5, 136.5, 0.0)","(206.0, 225.5, 0.0)","(206.0, 225.5, 0.0)","(203.75, 181.0, 0.0)"
"(134, 215, 0)","(268, 212, 0)","(244, 135, 0)","(159, 138, 0)","(134, 175, 0)","(272, 171, 0)","(233, 324, 0)","(183, 324, 0)","(230, 271, 0)","(179, 274, 0)","(230, 225, 0)","(182, 226, 0)","(200, 94, 0)","(201.5, 136.5, 0.0)","(206.0, 225.5, 0.0)","(206.0, 225.5, 0.0)","(203.75, 181.0, 0.0)"
"(135, 215, 0)","(268, 213, 0)","(244, 135, 0)","(159, 138, 0)","(134, 175, 0)","(272, 171, 0)","(233, 324, 0)","(183, 324, 0)","(230, 271, 0)","(179, 274, 0)","(230, 225, 0)","(182, 226, 0)","(201, 94, 0)","(201.5, 136.5, 0.0)","(206.0, 225.5, 0.0)","(206.0, 225.5, 0.0)","(203.75, 181.0, 0.0)"
"(135, 214, 0)","(268, 213, 0)","(244, 135, 0)","(159, 138, 0)","(134, 175, 0)","(272, 171, 0)","(233, 324, 0)","(183, 324, 0)","(230, 271, 0)","(179, 274, 0)","(230, 225, 0)","(182, 226, 0)","(201, 94, 0)","(201.5, 136.5, 0.0)","(206.0, 225.5, 0.0)","(206.0, 225.5, 0.0)","(203.75, 181.0, 0.0)"
"(135, 214, 0)","(268, 213, 0)","(244, 135, 0)","(159, 138, 0)","(134, 175, 0)","(272, 171, 0)","(233, 324, 0)","(183, 324, 0)","(230, 271, 0)","(179, 274, 0)","(230, 225, 0)","(182, 226, 0)","(201, 94, 0)","(201.5, 136.5, 0.0)","(206.0, 225.5, 0.0)","(206.0, 225.5, 0.0)","(203.75, 181.0, 0.0)"
"(134, 214, 0)","(268, 213, 0)","(244, 135, 0)","(159, 138, 0)","(134, 175, 0)","(272, 171, 0)","(233, 324, 0)","(183, 324, 0)","(230, 271, 0)","(179, 274, 0)","(230, 225, 0)","(182, 226, 0)","(201, 94, 0)","(201.5, 136.5, 0.0)","(206.0, 225.5, 0.0)","(206.0, 225.5, 0.0)","(203.75, 181.0, 0.0)"
"(134, 214, 0)","(268, 213, 0)","(244, 135, 0)","(159, 138, 0)","(134, 175, 0)","(272, 171, 0)","(232, 324, 0)","(183, 324, 0)","(230, 271, 0)","(179, 275, 0)","(230, 225, 0)","(182, 226, 0)","(201, 94, 0)","(201.5, 136.5, 0.0)","(206.0, 225.5, 0.0)","(206.0, 225.5, 0.0)","(203.75, 181.0, 0.0)"
"(134, 214, 0)","(268, 213, 0)","(244, 135, 0)","(159, 138, 0)","(134, 175, 0)","(272, 171, 0)","(232, 324, 0)","(183, 324, 0)","(230, 271, 0)","(179, 275, 0)","(229, 225, 0)","(182, 226, 0)","(201, 94, 0)","(201.5, 136.5, 0.0)","(205.5, 225.5, 0.0)","(205.5, 225.5, 0.0)","(203.5, 181.0, 0.0)"
"(134, 214, 0)","(268, 213, 0)","(244, 135, 0)","(159, 138, 0)","(134, 175, 0)","(272, 171, 0)","(232, 324, 0)","(183, 325, 0)","(230, 271, 0)","(179, 276, 0)","(229, 225, 0)","(182, 226, 0)","(201, 94, 0)","(201.5, 136.5, 0.0)","(205.5, 225.5, 0.0)","(205.5, 225.5, 0.0)","(203.5, 181.0, 0.0)"
"(134, 214, 0)","(268, 213, 0)","(244, 135, 0)","(159, 138, 0)","(134, 175, 0)","(271, 171, 0)","(232, 324, 0)","(183, 325, 0)","(230, 271, 0)","(179, 276, 0)","(229, 225, 0)","(182, 226, 0)","(201, 94, 0)","(201.5, 136.5, 0.0)","(205.5, 225.5, 0.0)","(205.5, 225.5, 0.0)","(203.5, 181.0, 0.0)"
"(134, 214, 0)","(268, 213, 0)","(244, 135, 0)","(159, 138, 0)","(133, 175, 0)","(271, 171, 0)","(232, 324, 0)","(182, 325, 0)","(230, 271, 0)","(178, 276, 0)","(229, 225, 0)","(182, 226, 0)","(201, 94, 0)","(201.5, 136.5, 0.0)","(205.5, 225.5, 0.0)","(205.5, 225.5, 0.0)","(203.5, 181.0, 0.0)"
"(134, 214, 0)","(268, 213, 0)","(244, 135, 0)","(159, 138, 0)","(133, 175, 0)","(271, 171, 0)","(232, 324, 0)","(182, 325, 0)","(230, 271, 0)","(178, 276, 0)","(229, 225, 0)","(182, 226, 0)","(201, 94, 0)","(201.5, 136.5, 0.0)","(205.5, 225.5, 0.0)","(205.5, 225.5, 0.0)","(203.5, 181.0, 0.0)"
"(133, 215, 0)","(268, 213, 0)","(244, 135, 0)","(159, 138, 0)","(132, 175, 0)","(271, 171, 0)","(232, 323, 0)","(182, 324, 0)","(230, 271, 0)","(178, 275, 0)","(229, 225, 0)","(181, 226, 0)","(201, 94, 0)","(201.5, 136.5, 0.0)","(205.0, 225.5, 0.0)","(205.0, 225.5, 0.0)","(203.25, 181.0, 0.0)"
"(130, 214, 0)","(268, 213, 0)","(244, 135, 0)","(159, 138, 0)","(132, 174, 0)","(271, 171, 0)","(232, 323, 0)","(182, 324, 0)","(230, 271, 0)","(178, 275, 0)","(229, 225, 0)","(181, 226, 0)","(201, 94, 0)","(201.5, 136.5, 0.0)","(205.0, 225.5, 0.0)","(205.0, 225.5, 0.0)","(203.25, 181.0, 0.0)"
"(125, 213, 0)","(267, 213, 0)","(244, 135, 0)","(159, 137, 0)","(131, 173, 0)","(271, 171, 0)","(232, 323, 0)","(182, 324, 0)","(230, 271, 0)","(178, 275, 0)","(229, 225, 0)","(181, 226, 0)","(201, 94, 0)","(201.5, 136.0, 0.0)","(205.0, 225.5, 0.0)","(205.0, 225.5, 0.0)","(203.25, 180.75, 0.0)"
"(119, 207, 0)","(267, 213, 0)","(244, 135, 0)","(159, 137, 0)","(130, 172, 0)","(271, 172, 0)","(232, 323, 0)","(182, 324, 0)","(230, 270, 0)","(178, 274, 0)","(229, 225, 0)","(181, 225, 0)","(201, 94, 0)","(201.5, 136.0, 0.0)","(205.0, 225.0, 0.0)","(205.0, 225.0, 0.0)","(203.25, 180.5, 0.0)"
"(114, 193, 0)","(267, 213, 0)","(244, 135, 0)","(159, 137, 0)","(130, 169, 0)","(271, 172, 0)","(232, 323, 0)","(182, 324, 0)","(230, 270, 0)","(178, 274, 0)","(229, 225, 0)","(181, 224, 0)","(201, 94, 0)","(201.5, 136.0, 0.0)","(205.0, 224.5, 0.0)","(205.0, 224.5, 0.0)","(203.25, 180.25, 0.0)"
"(111, 181, 0)","(267, 212, 0)","(244, 135, 0)","(159, 137, 0)","(130, 166, 0)","(271, 172, 0)","(231, 323, 0)","(181, 324, 0)","(230, 270, 0)","(178, 274, 0)","(229, 225, 0)","(181, 223, 0)","(200, 94, 0)","(201.5, 136.0, 0.0)","(205.0, 224.0, 0.0)","(205.0, 224.0, 0.0)","(203.25, 180.0, 0.0)"
"(109, 172, 0)","(267, 212, 0)","(244, 135, 0)","(160, 137, 0)","(130, 163, 0)","(271, 171, 0)","(231, 323, 0)","(181, 324, 0)","(230, 271, 0)","(178, 275, 0)","(229, 224, 0)","(181, 223, 0)","(200, 94, 0)","(202.0, 136.0, 0.0)","(205.0, 223.5, 0.0)","(205.0, 223.5, 0.0)","(203.5, 179.75, 0.0)"
"(109, 165, 0)","(267, 211, 0)","(244, 135, 0)","(160, 137, 0)","(130, 164, 0)","(271, 171, 0)","(231, 323, 0)","(181, 324, 0)","(230, 272, 0)","(178, 275, 0)","(228, 224, 0)","(181, 223, 0)","(200, 94, 0)","(202.0, 136.0, 0.0)","(204.5, 223.5, 0.0)","(204.5, 223.5, 0.0)","(203.25, 179.75, 0.0)"
"(109, 157, 0)","(267, 211, 0)","(244, 135, 0)","(160, 137, 0)","(129, 164, 0)","(271, 171, 0)","(231, 323, 0)","(181, 324, 0)","(230, 273, 0)","(178, 276, 0)","(228, 224, 0)","(181, 223, 0)","(200, 94, 0)","(202.0, 136.0, 0.0)","(204.5, 223.5, 0.0)","(204.5, 223.5, 0.0)","(203.25, 179.75, 0.0)"
"(108, 148, 0)","(267, 211, 0)","(244, 134, 0)","(160, 137, 0)","(124, 165, 0)","(271, 171, 0)","(231, 323, 0)","(181, 324, 0)","(229, 273, 0)","(178, 276, 0)","(228, 224, 0)","(181, 223, 0)","(200, 94, 0)","(202.0, 135.5, 0.0)","(204.5, 223.5, 0.0)","(204.5, 223.5, 0.0)","(203.25, 179.5, 0.0)"
"(109, 136, 0)","(267, 211, 0)","(243, 134, 0)","(161, 137, 0)","(119, 165, 0)","(271, 171, 0)","(231, 322, 0)","(181, 324, 0)","(229, 274, 0)","(178, 276, 0)","(228, 224, 0)","(181, 223, 0)","(200, 94, 0)","(202.0, 135.5, 0.0)","(204.5, 223.5, 0.0)","(204.5, 223.5, 0.0)","(203.25, 179.5, 0.0)"
"(110, 128, 0)","(267, 211, 0)","(243, 134, 0)","(160, 135, 0)","(115, 163, 0)","(271, 171, 0)","(231, 322, 0)","(181, 324, 0)","(229, 273, 0)","(178, 276, 0)","(228, 224, 0)","(181, 223, 0)","(199, 94, 0)","(201.5, 134.5, 0.0)","(204.5, 223.5, 0.0)","(204.5, 223.5, 0.0)","(203.0, 179.0, 0.0)"
"(110, 121, 0)","(267, 211, 0)","(243, 134, 0)","(160, 135, 0)","(113, 160, 0)","(271, 171, 0)","(231, 322, 0)","(181, 323, 0)","(229, 272, 0)","(178, 275, 0)","(228, 224, 0)","(181, 223, 0)","(199, 94, 0)","(201.5, 134.5, 0.0)","(204.5, 223.5, 0.0)","(204.5, 223.5, 0.0)","(203.0, 179.0, 0.0)"
"(111, 118, 0)","(267, 211, 0)","(243, 134, 0)","(160, 135, 0)","(111, 158, 0)","(271, 171, 0)","(231, 322, 0)","(181, 323, 0)","(228, 271, 0)","(178, 275, 0)","(228, 224, 0)","(181, 223, 0)","(199, 94, 0)","(201.5, 134.5, 0.0)","(204.5, 223.5, 0.0)","(204.5, 223.5, 0.0)","(203.0, 179.0, 0.0)"
"(114, 111, 0)","(266, 211, 0)","(243, 134, 0)","(160, 134, 0)","(109, 153, 0)","(271, 172, 0)","(231, 322, 0)","(181, 323, 0)","(228, 269, 0)","(178, 274, 0)","(228, 224, 0)","(181, 223, 0)","(198, 94, 0)","(201.5, 134.0, 0.0)","(204.5, 223.5, 0.0)","(204.5, 223.5, 0.0)","(203.0, 178.75, 0.0)"
"(115, 110, 0)","(266, 211, 0)","(242, 134, 0)","(159, 133, 0)","(109, 152, 0)","(271, 172, 0)","(231, 322, 0)","(181, 323, 0)","(228, 269, 0)","(178, 273, 0)","(227, 224, 0)","(181, 223, 0)","(198, 94, 0)","(200.5, 133.5, 0.0)","(204.0, 223.5, 0.0)","(204.0, 223.5, 0.0)","(202.25, 178.5, 0.0)"
"(117, 108, 0)","(266, 211, 0)","(242, 134, 0)","(159, 133, 0)","(110, 149, 0)","(271, 171, 0)","(231, 322, 0)","(181, 323, 0)","(228, 269, 0)","(178, 272, 0)","(227, 224, 0)","(181, 223, 0)","(198, 94, 0)","(200.5, 133.5, 0.0)","(204.0, 223.5, 0.0)","(204.0, 223.5, 0.0)","(202.25, 178.5, 0.0)"
"(118, 108, 0)","(266, 211, 0)","(242, 134, 0)","(159, 132, 0)","(109, 149, 0)","(271, 171, 0)","(231, 322, 0)","(181, 323, 0)","(228, 269, 0)","(178, 272, 0)","(227, 223, 0)","(181, 222, 0)","(199, 94, 0)","(200.5, 133.0, 0.0)","(204.0, 222.5, 0.0)","(204.0, 222.5, 0.0)","(202.25, 177.75, 0.0)"
"(118, 107, 0)","(266, 211, 0)","(242, 134, 0)","(159, 131, 0)","(110, 148, 0)","(271, 171, 0)","(231, 322, 0)","(180, 323, 0)","(228, 269, 0)","(178, 272, 0)","(227, 223, 0)","(180, 221, 0)","(199, 94, 0)","(200.5, 132.5, 0.0)","(203.5, 222.0, 0.0)","(203.5, 222.0, 0.0)","(202.0, 177.25, 0.0)"
"(118, 107, 0)","(266, 211, 0)","(242, 134, 0)","(159, 131, 0)","(109, 148, 0)","(271, 171, 0)","(231, 322, 0)","(180, 323, 0)","(228, 269, 0)","(178, 272, 0)","(227, 222, 0)","(180, 221, 0)","(199, 94, 0)","(200.5, 132.5, 0.0)","(203.5, 221.5, 0.0)","(203.5, 221.5, 0.0)","(202.0, 177.0, 0.0)"
"(118, 107, 0)","(266, 211, 0)","(242, 134, 0)","(159, 131, 0)","(109, 148, 0)","(271, 171, 0)","(231, 322, 0)","(180, 323, 0)","(228, 269, 0)","(178, 272, 0)","(227, 222, 0)","(180, 220, 0)","(198, 94, 0)","(200.5, 132.5, 0.0)","(203.5, 221.0, 0.0)","(203.5, 221.0, 0.0)","(202.0, 176.75, 0.0)"
"(118, 107, 0)","(266, 211, 0)","(242, 134, 0)","(159, 130, 0)","(109, 148, 0)","(271, 171, 0)","(230, 322, 0)","(180, 323, 0)","(228, 269, 0)","(178, 272, 0)","(227, 222, 0)","(180, 220, 0)","(198, 94, 0)","(200.5, 132.0, 0.0)","(203.5, 221.0, 0.0)","(203.5, 221.0, 0.0)","(202.0, 176.5, 0.0)"
"(118, 108, 0)","(266, 211, 0)","(242, 134, 0)","(158, 130, 0)","(109, 148, 0)","(272, 171, 0)","(230, 322, 0)","(180, 323, 0)","(228, 270, 0)","(178, 272, 0)","(227, 221, 0)","(180, 220, 0)","(198, 93, 0)","(200.0, 132.0, 0.0)","(203.5, 220.5, 0.0)","(203.5, 220.5, 0.0)","(201.75, 176.25, 0.0)"
"(118, 108, 0)","(266, 211, 0)","(242, 134, 0)","(158, 130, 0)","(109, 149, 0)","(272, 171, 0)","(230, 322, 0)","(180, 323, 0)","(228, 270, 0)","(178, 272, 0)","(227, 221, 0)","(180, 220, 0)","(199, 93, 0)","(200.0, 132.0, 0.0)","(203.5, 220.5, 0.0)","(203.5, 220.5, 0.0)","(201.75, 176.25, 0.0)"
"(118, 108, 0)","(266, 210, 0)","(241, 133, 0)","(158, 130, 0)","(109, 149, 0)","(272, 171, 0)","(230, 322, 0)","(180, 323, 0)","(227, 270, 0)","(178, 272, 0)","(227, 221, 0)","(180, 220, 0)","(198, 93, 0)","(199.5, 131.5, 0.0)","(203.5, 220.5, 0.0)","(203.5, 220.5, 0.0)","(201.5, 176.0, 0.0)"
"(118, 109, 0)","(266, 210, 0)","(241, 133, 0)","(158, 130, 0)","(109, 149, 0)","(272, 171, 0)","(230, 322, 0)","(180, 323, 0)","(227, 270, 0)","(178, 272, 0)","(227, 221, 0)","(180, 220, 0)","(198, 92, 0)","(199.5, 131.5, 0.0)","(203.5, 220.5, 0.0)","(203.5, 220.5, 0.0)","(201.5, 176.0, 0.0)"
"(117, 109, 0)","(266, 210, 0)","(241, 133, 0)","(158, 130, 0)","(109, 149, 0)","(271, 171, 0)","(230, 322, 0)","(180, 323, 0)","(227, 270, 0)","(178, 272, 0)","(227, 221, 0)","(180, 220, 0)","(198, 92, 0)","(199.5, 131.5, 0.0)","(203.5, 220.5, 0.0)","(203.5, 220.5, 0.0)","(201.5, 176.0, 0.0)"
"(117, 109, 0)","(266, 210, 0)","(241, 133, 0)","(158, 130, 0)","(109, 149, 0)","(271, 171, 0)","(230, 322, 0)","(179, 323, 0)","(227, 270, 0)","(178, 272, 0)","(226, 221, 0)","(180, 220, 0)","(198, 92, 0)","(199.5, 131.5, 0.0)","(203.0, 220.5, 0.0)","(203.0, 220.5, 0.0)","(201.25, 176.0, 0.0)"
"(117, 109, 0)","(266, 210, 0)","(241, 133, 0)","(158, 130, 0)","(109, 149, 0)","(271, 171, 0)","(230, 322, 0)","(179, 323, 0)","(227, 270, 0)","(178, 272, 0)","(226, 221, 0)","(180, 220, 0)","(198, 92, 0)","(199.5, 131.5, 0.0)","(203.0, 220.5, 0.0)","(203.0, 220.5, 0.0)","(201.25, 176.0, 0.0)"
"(117, 109, 0)","(266, 210, 0)","(241, 133, 0)","(158, 130, 0)","(109, 149, 0)","(270, 171, 0)","(230, 322, 0)","(179, 323, 0)","(227, 270, 0)","(178, 272, 0)","(226, 221, 0)","(180, 220, 0)","(198, 92, 0)","(199.5, 131.5, 0.0)","(203.0, 220.5, 0.0)","(203.0, 220.5, 0.0)","(201.25, 176.0, 0.0)"
"(116, 109, 0)","(266, 210, 0)","(241, 133, 0)","(158, 130, 0)","(109, 149, 0)","(270, 171, 0)","(229, 322, 0)","(179, 323, 0)","(227, 270, 0)","(177, 272, 0)","(226, 221, 0)","(180, 220, 0)","(198, 92, 0)","(199.5, 131.5, 0.0)","(203.0, 220.5, 0.0)","(203.0, 220.5, 0.0)","(201.25, 176.0, 0.0)"
"(116, 109, 0)","(266, 210, 0)","(241, 133, 0)","(158, 130, 0)","(109, 149, 0)","(270, 171, 0)","(229, 322, 0)","(179, 322, 0)","(227, 270, 0)","(177, 272, 0)","(226, 221, 0)","(179, 220, 0)","(198, 92, 0)","(199.5, 131.5, 0.0)","(202.5, 220.5, 0.0)","(202.5, 220.5, 0.0)","(201.0, 176.0, 0.0)"
"(115, 109, 0)","(265, 210, 0)","(241, 133, 0)","(157, 130, 0)","(109, 149, 0)","(270, 171, 0)","(229, 321, 0)","(179, 322, 0)","(227, 270, 0)","(177, 272, 0)","(226, 221, 0)","(179, 220, 0)","(198, 92, 0)","(199.0, 131.5, 0.0)","(202.5, 220.5, 0.0)","(202.5, 220.5, 0.0)","(200.75, 176.0, 0.0)"
"(115, 109, 0)","(265, 209, 0)","(241, 133, 0)","(157, 130, 0)","(109, 149, 0)","(270, 171, 0)","(229, 321, 0)","(179, 322, 0)","(227, 270, 0)","(177, 272, 0)","(226, 220, 0)","(179, 220, 0)","(198, 92, 0)","(199.0, 131.5, 0.0)","(202.5, 220.0, 0.0)","(202.5, 220.0, 0.0)","(200.75, 175.75, 0.0)"
"(115, 109, 0)","(265, 209, 0)","(241, 133, 0)","(157, 130, 0)","(109, 149, 0)","(269, 171, 0)","(229, 321, 0)","(179, 322, 0)","(227, 270, 0)","(177, 272, 0)","(226, 220, 0)","(179, 220, 0)","(198, 92, 0)","(199.0, 131.5, 0.0)","(202.5, 220.0, 0.0)","(202.5, 220.0, 0.0)","(200.75, 175.75, 0.0)"
"(115, 109, 0)","(265, 209, 0)","(241, 133, 0)","(157, 130, 0)","(109, 149, 0)","(269, 171, 0)","(229, 321, 0)","(179, 322, 0)","(227, 270, 0)","(177, 271, 0)","(226, 220, 0)","(179, 220, 0)","(198, 92, 0)","(199.0, 131.5, 0.0)","(202.5, 220.0, 0.0)","(202.5, 220.0, 0.0)","(200.75, 175.75, 0.0)"
"(115, 109, 0)","(265, 209, 0)","(241, 133, 0)","(157, 130, 0)","(109, 149, 0)","(269, 171, 0)","(229, 321, 0)","(179, 322, 0)","(227, 270, 0)","(177, 271, 0)","(226, 220, 0)","(179, 220, 0)","(198, 92, 0)","(199.0, 131.5, 0.0)","(202.5, 220.0, 0.0)","(202.5, 220.0, 0.0)","(200.75, 175.75, 0.0)"
"(115, 109, 0)","(264, 209, 0)","(241, 133, 0)","(157, 130, 0)","(109, 149, 0)","(269, 171, 0)","(229, 321, 0)","(178, 322, 0)","(226, 270, 0)","(177, 271, 0)","(226, 220, 0)","(179, 220, 0)","(198, 92, 0)","(199.0, 131.5, 0.0)","(202.5, 220.0, 0.0)","(202.5, 220.0, 0.0)","(200.75, 175.75, 0.0)"
"(115, 108, 0)","(264, 209, 0)","(241, 133, 0)","(157, 130, 0)","(108, 150, 0)","(269, 171, 0)","(229, 321, 0)","(178, 322, 0)","(226, 269, 0)","(177, 271, 0)","(225, 220, 0)","(179, 220, 0)","(198, 92, 0)","(199.0, 131.5, 0.0)","(202.0, 220.0, 0.0)","(202.0, 220.0, 0.0)","(200.5, 175.75, 0.0)"
"(115, 108, 0)","(264, 209, 0)","(241, 133, 0)","(157, 130, 0)","(108, 149, 0)","(269, 171, 0)","(229, 321, 0)","(178, 322, 0)","(226, 269, 0)","(177, 271, 0)","(225, 220, 0)","(179, 220, 0)","(198, 92, 0)","(199.0, 131.5, 0.0)","(202.0, 220.0, 0.0)","(202.0, 220.0, 0.0)","(200.5, 175.75, 0.0)"
"(115, 108, 0)","(264, 209, 0)","(241, 133, 0)","(156, 130, 0)","(108, 149, 0)","(269, 171, 0)","(229, 321, 0)","(178, 322, 0)","(226, 269, 0)","(177, 271, 0)","(225, 220, 0)","(179, 220, 0)","(198, 92, 0)","(198.5, 131.5, 0.0)","(202.0, 220.0, 0.0)","(202.0, 220.0, 0.0)","(200.25, 175.75, 0.0)"
"(115, 108, 0)","(264, 209, 0)","(241, 133, 0)","(156, 130, 0)","(108, 149, 0)","(269, 170, 0)","(228, 321, 0)","(178, 322, 0)","(226, 270, 0)","(177, 271, 0)","(225, 220, 0)","(179, 220, 0)","(198, 92, 0)","(198.5, 131.5, 0.0)","(202.0, 220.0, 0.0)","(202.0, 220.0, 0.0)","(200.25, 175.75, 0.0)"
"(115, 108, 0)","(264, 209, 0)","(240, 133, 0)","(156, 130, 0)","(108, 149, 0)","(269, 170, 0)","(228, 321, 0)","(178, 322, 0)","(226, 270, 0)","(177, 271, 0)","(225, 220, 0)","(179, 220, 0)","(198, 92, 0)","(198.0, 131.5, 0.0)","(202.0, 220.0, 0.0)","(202.0, 220.0, 0.0)","(200.0, 175.75, 0.0)"
"(114, 108, 0)","(264, 209, 0)","(240, 133, 0)","(156, 130, 0)","(108, 149, 0)","(269, 170, 0)","(228, 321, 0)","(177, 322, 0)","(226, 270, 0)","(177, 272, 0)","(225, 220, 0)","(179, 220, 0)","(198, 92, 0)","(198.0, 131.5, 0.0)","(202.0, 220.0, 0.0)","(202.0, 220.0, 0.0)","(200.0, 175.75, 0.0)"
"(114, 108, 0)","(264, 209, 0)","(240, 133, 0)","(156, 130, 0)","(108, 149, 0)","(269, 170, 0)","(228, 321, 0)","(177, 322, 0)","(226, 270, 0)","(176, 272, 0)","(225, 220, 0)","(179, 220, 0)","(198, 92, 0)","(198.0, 131.5, 0.0)","(202.0, 220.0, 0.0)","(202.0, 220.0, 0.0)","(200.0, 175.75, 0.0)"
"(114, 108, 0)","(264, 209, 0)","(240, 132, 0)","(156, 130, 0)","(108, 149, 0)","(269, 169, 0)","(228, 321, 0)","(177, 322, 0)","(225, 270, 0)","(176, 272, 0)","(225, 220, 0)","(179, 220, 0)","(197, 92, 0)","(198.0, 131.0, 0.0)","(202.0, 220.0, 0.0)","(202.0, 220.0, 0.0)","(200.0, 175.5, 0.0)"
"(114, 108, 0)","(264, 209, 0)","(240, 132, 0)","(156, 130, 0)","(108, 149, 0)","(269, 169, 0)","(228, 321, 0)","(177, 322, 0)","(225, 270, 0)","(176, 272, 0)","(224, 220, 0)","(178, 220, 0)","(197, 92, 0)","(198.0, 131.0, 0.0)","(201.0, 220.0, 0.0)","(201.0, 220.0, 0.0)","(199.5, 175.5, 0.0)"
"(114, 108, 0)","(264, 209, 0)","(240, 132, 0)","(156, 130, 0)","(107, 149, 0)","(269, 169, 0)","(228, 321, 0)","(177, 322, 0)","(225, 270, 0)","(176, 272, 0)","(224, 220, 0)","(178, 220, 0)","(197, 92, 0)","(198.0, 131.0, 0.0)","(201.0, 220.0, 0.0)","(201.0, 220.0, 0.0)","(199.5, 175.5, 0.0)"
"(114, 108, 0)","(264, 209, 0)","(240, 132, 0)","(156, 130, 0)","(107, 149, 0)","(269, 169, 0)","(228, 321, 0)","(177, 322, 0)","(225, 270, 0)","(176, 272, 0)","(224, 220, 0)","(178, 220, 0)","(197, 92, 0)","(198.0, 131.0, 0.0)","(201.0, 220.0, 0.0)","(201.0, 220.0, 0.0)","(199.5, 175.5, 0.0)"
"(114, 108, 0)","(264, 210, 0)","(239, 132, 0)","(156, 130, 0)","(107, 149, 0)","(269, 169, 0)","(228, 321, 0)","(177, 322, 0)","(225, 270, 0)","(176, 272, 0)","(224, 220, 0)","(178, 220, 0)","(197, 92, 0)","(197.5, 131.0, 0.0)","(201.0, 220.0, 0.0)","(201.0, 220.0, 0.0)","(199.25, 175.5, 0.0)"
"(113, 108, 0)","(263, 210, 0)","(239, 132, 0)","(156, 130, 0)","(107, 149, 0)","(269, 169, 0)","(227, 321, 0)","(177, 322, 0)","(225, 270, 0)","(176, 272, 0)","(224, 220, 0)","(178, 220, 0)","(197, 92, 0)","(197.5, 131.0, 0.0)","(201.0, 220.0, 0.0)","(201.0, 220.0, 0.0)","(199.25, 175.5, 0.0)"
"(113, 108, 0)","(263, 210, 0)","(239, 132, 0)","(156, 130, 0)","(106, 150, 0)","(268, 169, 0)","(227, 321, 0)","(177, 322, 0)","(225, 270, 0)","(176, 272, 0)","(224, 220, 0)","(178, 220, 0)","(197, 92, 0)","(197.5, 131.0, 0.0)","(201.0, 220.0, 0.0)","(201.0, 220.0, 0.0)","(199.25, 175.5, 0.0)"
"(113, 108, 0)","(263, 210, 0)","(239, 132, 0)","(156, 130, 0)","(106, 150, 0)","(268, 170, 0)","(227, 321, 0)","(176, 321, 0)","(225, 270, 0)","(176, 272, 0)","(223, 220, 0)","(177, 220, 0)","(197, 92, 0)","(197.5, 131.0, 0.0)","(200.0, 220.0, 0.0)","(200.0, 220.0, 0.0)","(198.75, 175.5, 0.0)"
"(113, 108, 0)","(263, 210, 0)","(239, 132, 0)","(155, 130, 0)","(106, 150, 0)","(268, 170, 0)","(227, 321, 0)","(176, 321, 0)","(225, 270, 0)","(176, 272, 0)","(223, 220, 0)","(177, 220, 0)","(196, 92, 0)","(197.0, 131.0, 0.0)","(200.0, 220.0, 0.0)","(200.0, 220.0, 0.0)","(198.5, 175.5, 0.0)"
"(113, 108, 0)","(263, 209, 0)","(239, 132, 0)","(155, 130, 0)","(106, 150, 0)","(268, 170, 0)","(227, 321, 0)","(176, 321, 0)","(225, 270, 0)","(176, 273, 0)","(223, 220, 0)","(177, 220, 0)","(196, 92, 0)","(197.0, 131.0, 0.0)","(200.0, 220.0, 0.0)","(200.0, 220.0, 0.0)","(198.5, 175.5, 0.0)"
"(113, 108, 0)","(262, 209, 0)","(239, 132, 0)","(155, 130, 0)","(106, 149, 0)","(268, 170, 0)","(227, 321, 0)","(176, 321, 0)","(225, 270, 0)","(175, 273, 0)","(223, 220, 0)","(177, 220, 0)","(196, 92, 0)","(197.0, 131.0, 0.0)","(200.0, 220.0, 0.0)","(200.0, 220.0, 0.0)","(198.5, 175.5, 0.0)"
"(113, 108, 0)","(262, 209, 0)","(239, 132, 0)","(155, 130, 0)","(106, 149, 0)","(268, 170, 0)","(226, 320, 0)","(176, 321, 0)","(224, 270, 0)","(175, 273, 0)","(223, 220, 0)","(177, 220, 0)","(196, 92, 0)","(197.0, 131.0, 0.0)","(200.0, 220.0, 0.0)","(200.0, 220.0, 0.0)","(198.5, 175.5, 0.0)"
"(113, 108, 0)","(262, 209, 0)","(239, 132, 0)","(155, 130, 0)","(106, 149, 0)","(267, 170, 0)","(226, 320, 0)","(176, 321, 0)","(224, 270, 0)","(175, 273, 0)","(223, 220, 0)","(177, 220, 0)","(196, 92, 0)","(197.0, 131.0, 0.0)","(200.0, 220.0, 0.0)","(200.0, 220.0, 0.0)","(198.5, 175.5, 0.0)"
"(113, 107, 0)","(262, 209, 0)","(239, 132, 0)","(155, 130, 0)","(106, 149, 0)","(267, 170, 0)","(226, 320, 0)","(176, 321, 0)","(224, 270, 0)","(175, 273, 0)","(223, 220, 0)","(177, 220, 0)","(196, 92, 0)","(197.0, 131.0, 0.0)","(200.0, 220.0, 0.0)","(200.0, 220.0, 0.0)","(198.5, 175.5, 0.0)"
"(113, 107, 0)","(262, 209, 0)","(239, 132, 0)","(155, 130, 0)","(106, 149, 0)","(267, 170, 0)","(226, 320, 0)","(176, 321, 0)","(224, 270, 0)","(175, 273, 0)","(223, 220, 0)","(176, 219, 0)","(196, 92, 0)","(197.0, 131.0, 0.0)","(199.5, 219.5, 0.0)","(199.5, 219.5, 0.0)","(198.25, 175.25, 0.0)"
"(113, 107, 0)","(262, 209, 0)","(239, 132, 0)","(155, 130, 0)","(106, 149, 0)","(267, 170, 0)","(226, 320, 0)","(176, 321, 0)","(224, 269, 0)","(175, 272, 0)","(223, 220, 0)","(176, 219, 0)","(196, 91, 0)","(197.0, 131.0, 0.0)","(199.5, 219.5, 0.0)","(199.5, 219.5, 0.0)","(198.25, 175.25, 0.0)"
"(113, 107, 0)","(262, 209, 0)","(239, 132, 0)","(154, 130, 0)","(106, 149, 0)","(267, 170, 0)","(226, 320, 0)","(176, 321, 0)","(224, 269, 0)","(175, 272, 0)","(223, 220, 0)","(176, 219, 0)","(196, 91, 0)","(196.5, 131.0, 0.0)","(199.5, 219.5, 0.0)","(199.5, 219.5, 0.0)","(198.0, 175.25, 0.0)"
"(113, 107, 0)","(262, 209, 0)","(239, 132, 0)","(154, 130, 0)","(106, 149, 0)","(267, 170, 0)","(226, 320, 0)","(176, 321, 0)","(224, 269, 0)","(175, 272, 0)","(223, 220, 0)","(176, 219, 0)","(196, 91, 0)","(196.5, 131.0, 0.0)","(199.5, 219.5, 0.0)","(199.5, 219.5, 0.0)","(198.0, 175.25, 0.0)"
"(113, 107, 0)","(262, 209, 0)","(238, 132, 0)","(154, 130, 0)","(106, 149, 0)","(267, 170, 0)","(226, 320, 0)","(176, 321, 0)","(224, 269, 0)","(175, 272, 0)","(223, 220, 0)","(176, 219, 0)","(196, 91, 0)","(196.0, 131.0, 0.0)","(199.5, 219.5, 0.0)","(199.5, 219.5, 0.0)","(197.75, 175.25, 0.0)"
"(112, 107, 0)","(262, 209, 0)","(238, 132, 0)","(154, 130, 0)","(106, 149, 0)","(267, 170, 0)","(226, 320, 0)","(176, 321, 0)","(223, 269, 0)","(175, 272, 0)","(223, 220, 0)","(176, 219, 0)","(196, 91, 0)","(196.0, 131.0, 0.0)","(199.5, 219.5, 0.0)","(199.5, 219.5, 0.0)","(197.75, 175.25, 0.0)"
"(112, 107, 0)","(261, 209, 0)","(238, 132, 0)","(154, 130, 0)","(106, 149, 0)","(267, 170, 0)","(226, 319, 0)","(176, 321, 0)","(223, 270, 0)","(175, 272, 0)","(223, 220, 0)","(176, 219, 0)","(196, 91, 0)","(196.0, 131.0, 0.0)","(199.5, 219.5, 0.0)","(199.5, 219.5, 0.0)","(197.75, 175.25, 0.0)"
"(112, 107, 0)","(261, 209, 0)","(238, 132, 0)","(154, 130, 0)","(106, 149, 0)","(267, 170, 0)","(226, 319, 0)","(176, 321, 0)","(223, 270, 0)","(175, 272, 0)","(223, 220, 0)","(176, 219, 0)","(196, 91, 0)","(196.0, 131.0, 0.0)","(199.5, 219.5, 0.0)","(199.5, 219.5, 0.0)","(197.75, 175.25, 0.0)"
"(111, 107, 0)","(261, 209, 0)","(238, 132, 0)","(154, 129, 0)","(106, 148, 0)","(267, 170, 0)","(225, 319, 0)","(176, 321, 0)","(223, 270, 0)","(175, 272, 0)","(223, 220, 0)","(176, 219, 0)","(196, 91, 0)","(196.0, 130.5, 0.0)","(199.5, 219.5, 0.0)","(199.5, 219.5, 0.0)","(197.75, 175.0, 0.0)"
"(111, 107, 0)","(261, 209, 0)","(239, 132, 0)","(154, 129, 0)","(106, 148, 0)","(267, 170, 0)","(225, 319, 0)","(176, 321, 0)","(223, 270, 0)","(174, 272, 0)","(223, 220, 0)","(176, 219, 0)","(196, 91, 0)","(196.5, 130.5, 0.0)","(199.5, 219.5, 0.0)","(199.5, 219.5, 0.0)","(198.0, 175.0, 0.0)"
"(112, 106, 0)","(261, 210, 0)","(239, 132, 0)","(154, 129, 0)","(106, 148, 0)","(267, 170, 0)","(225, 319, 0)","(176, 321, 0)","(223, 270, 0)","(174, 272, 0)","(223, 220, 0)","(176, 219, 0)","(196, 91, 0)","(196.5, 130.5, 0.0)","(199.5, 219.5, 0.0)","(199.5, 219.5, 0.0)","(198.0, 175.0, 0.0)"
"(116, 105, 0)","(261, 210, 0)","(239, 132, 0)","(154, 129, 0)","(105, 148, 0)","(267, 170, 0)","(225, 319, 0)","(176, 321, 0)","(223, 270, 0)","(174, 272, 0)","(223, 220, 0)","(176, 219, 0)","(196, 91, 0)","(196.5, 130.5, 0.0)","(199.5, 219.5, 0.0)","(199.5, 219.5, 0.0)","(198.0, 175.0, 0.0)"
"(122, 106, 0)","(261, 210, 0)","(239, 132, 0)","(154, 129, 0)","(102, 148, 0)","(267, 170, 0)","(225, 319, 0)","(176, 321, 0)","(223, 270, 0)","(174, 272, 0)","(223, 220, 0)","(176, 219, 0)","(195, 91, 0)","(196.5, 130.5, 0.0)","(199.5, 219.5, 0.0)","(199.5, 219.5, 0.0)","(198.0, 175.0, 0.0)"
"(125, 108, 0)","(261, 210, 0)","(239, 132, 0)","(154, 129, 0)","(99, 149, 0)","(267, 170, 0)","(225, 319, 0)","(175, 321, 0)","(223, 270, 0)","(174, 272, 0)","(223, 220, 0)","(176, 219, 0)","(195, 91, 0)","(196.5, 130.5, 0.0)","(199.5, 219.5, 0.0)","(199.5, 219.5, 0.0)","(198.0, 175.0, 0.0)"
"(127, 110, 0)","(261, 210, 0)","(239, 132, 0)","(154, 129, 0)","(97, 149, 0)","(267, 171, 0)","(224, 319, 0)","(175, 321, 0)","(223, 270, 0)","(174, 272, 0)","(222, 220, 0)","(175, 219, 0)","(195, 91, 0)","(196.5, 130.5, 0.0)","(198.5, 219.5, 0.0)","(198.5, 219.5, 0.0)","(197.5, 175.0, 0.0)"
"(127, 110, 0)","(261, 210, 0)","(239, 132, 0)","(154, 129, 0)","(97, 149, 0)","(267, 171, 0)","(224, 319, 0)","(175, 320, 0)","(223, 270, 0)","(174, 272, 0)","(222, 220, 0)","(175, 219, 0)","(195, 91, 0)","(196.5, 130.5, 0.0)","(198.5, 219.5, 0.0)","(198.5, 219.5, 0.0)","(197.5, 175.0, 0.0)"
"(126, 110, 0)","(261, 210, 0)","(239, 132, 0)","(154, 129, 0)","(98, 149, 0)","(267, 171, 0)","(224, 319, 0)","(175, 320, 0)","(223, 270, 0)","(174, 272, 0)","(222, 220, 0)","(175, 219, 0)","(195, 90, 0)","(196.5, 130.5, 0.0)","(198.5, 219.5, 0.0)","(198.5, 219.5, 0.0)","(197.5, 175.0, 0.0)"
"(123, 107, 0)","(261, 210, 0)","(239, 132, 0)","(154, 129, 0)","(101, 149, 0)","(267, 171, 0)","(224, 319, 0)","(175, 320, 0)","(223, 270, 0)","(174, 271, 0)","(222, 220, 0)","(175, 219, 0)","(195, 90, 0)","(196.5, 130.5, 0.0)","(198.5, 219.5, 0.0)","(198.5, 219.5, 0.0)","(197.5, 175.0, 0.0)"
"(116, 105, 0)","(261, 210, 0)","(239, 132, 0)","(154, 129, 0)","(104, 148, 0)","(267, 171, 0)","(224, 319, 0)","(175, 320, 0)","(223, 269, 0)","(174, 271, 0)","(222, 220, 0)","(175, 219, 0)","(195, 90, 0)","(196.5, 130.5, 0.0)","(198.5, 219.5, 0.0)","(198.5, 219.5, 0.0)","(197.5, 175.0, 0.0)"
"(106, 104, 0)","(261, 210, 0)","(239, 132, 0)","(155, 129, 0)","(108, 148, 0)","(267, 171, 0)","(224, 319, 0)","(175, 320, 0)","(222, 269, 0)","(174, 270, 0)","(222, 220, 0)","(175, 219, 0)","(196, 90, 0)","(197.0, 130.5, 0.0)","(198.5, 219.5, 0.0)","(198.5, 219.5, 0.0)","(197.75, 175.0, 0.0)"
"(98, 105, 0)","(261, 210, 0)","(240, 132, 0)","(156, 128, 0)","(111, 149, 0)","(267, 171, 0)","(224, 319, 0)","(175, 320, 0)","(222, 269, 0)","(174, 270, 0)","(222, 220, 0)","(175, 219, 0)","(196, 90, 0)","(198.0, 130.0, 0.0)","(198.5, 219.5, 0.0)","(198.5, 219.5, 0.0)","(198.25, 174.75, 0.0)"
"(94, 105, 0)","(261, 210, 0)","(240, 132, 0)","(157, 128, 0)","(111, 149, 0)","(267, 171, 0)","(224, 319, 0)","(175, 320, 0)","(222, 269, 0)","(174, 270, 0)","(222, 220, 0)","(175, 219, 0)","(197, 90, 0)","(198.5, 130.0, 0.0)","(198.5, 219.5, 0.0)","(198.5, 219.5, 0.0)","(198.5, 174.75, 0.0)"
"(94, 106, 0)","(261, 210, 0)","(240, 132, 0)","(157, 128, 0)","(112, 150, 0)","(267, 171, 0)","(224, 319, 0)","(174, 320, 0)","(222, 270, 0)","(174, 271, 0)","(222, 220, 0)","(175, 220, 0)","(197, 90, 0)","(198.5, 130.0, 0.0)","(198.5, 220.0, 0.0)","(198.5, 220.0, 0.0)","(198.5, 175.0, 0.0)"
"(97, 106, 0)","(261, 210, 0)","(240, 132, 0)","(157, 128, 0)","(111, 150, 0)","(268, 171, 0)","(224, 319, 0)","(174, 320, 0)","(223, 270, 0)","(174, 271, 0)","(222, 220, 0)","(176, 220, 0)","(197, 90, 0)","(198.5, 130.0, 0.0)","(199.0, 220.0, 0.0)","(199.0, 220.0, 0.0)","(198.75, 175.0, 0.0)"
"(102, 105, 0)","(261, 210, 0)","(240, 132, 0)","(156, 128, 0)","(111, 150, 0)","(268, 171, 0)","(224, 319, 0)","(174, 320, 0)","(223, 270, 0)","(174, 271, 0)","(222, 220, 0)","(176, 220, 0)","(197, 90, 0)","(198.0, 130.0, 0.0)","(199.0, 220.0, 0.0)","(199.0, 220.0, 0.0)","(198.5, 175.0, 0.0)"
"(112, 106, 0)","(261, 210, 0)","(240, 132, 0)","(155, 128, 0)","(108, 151, 0)","(268, 171, 0)","(224, 319, 0)","(174, 320, 0)","(223, 269, 0)","(174, 271, 0)","(222, 220, 0)","(176, 220, 0)","(197, 90, 0)","(197.5, 130.0, 0.0)","(199.0, 220.0, 0.0)","(199.0, 220.0, 0.0)","(198.25, 175.0, 0.0)"
"(122, 111, 0)","(261, 210, 0)","(240, 132, 0)","(155, 129, 0)","(105, 152, 0)","(268, 171, 0)","(224, 319, 0)","(174, 320, 0)","(223, 269, 0)","(174, 271, 0)","(222, 220, 0)","(176, 220, 0)","(197, 90, 0)","(197.5, 130.5, 0.0)","(199.0, 220.0, 0.0)","(199.0, 220.0, 0.0)","(198.25, 175.25, 0.0)"
"(127, 113, 0)","(261, 210, 0)","(240, 132, 0)","(155, 129, 0)","(101, 152, 0)","(268, 171, 0)","(224, 319, 0)","(174, 320, 0)","(223, 269, 0)","(174, 271, 0)","(222, 221, 0)","(175, 220, 0)","(197, 90, 0)","(197.5, 130.5, 0.0)","(198.5, 220.5, 0.0)","(198.5, 220.5, 0.0)","(198.0, 175.5, 0.0)"
"(128, 115, 0)","(261, 210, 0)","(240, 132, 0)","(155, 130, 0)","(100, 152, 0)","(267, 171, 0)","(224, 318, 0)","(174, 320, 0)","(223, 269, 0)","(174, 271, 0)","(222, 221, 0)","(175, 221, 0)","(197, 90, 0)","(197.5, 131.0, 0.0)","(198.5, 221.0, 0.0)","(198.5, 221.0, 0.0)","(198.0, 176.0, 0.0)"
"(127, 114, 0)","(261, 210, 0)","(240, 132, 0)","(155, 130, 0)","(100, 153, 0)","(267, 171, 0)","(223, 318, 0)","(174, 320, 0)","(222, 269, 0)","(174, 271, 0)","(222, 221, 0)","(175, 221, 0)","(197, 90, 0)","(197.5, 131.0, 0.0)","(198.5, 221.0, 0.0)","(198.5, 221.0, 0.0)","(198.0, 176.0, 0.0)"
"(125, 114, 0)","(261, 210, 0)","(240, 132, 0)","(155, 130, 0)","(101, 153, 0)","(267, 170, 0)","(223, 318, 0)","(174, 320, 0)","(222, 269, 0)","(174, 271, 0)","(222, 221, 0)","(175, 221, 0)","(197, 90, 0)","(197.5, 131.0, 0.0)","(198.5, 221.0, 0.0)","(198.5, 221.0, 0.0)","(198.0, 176.0, 0.0)"
"(117, 113, 0)","(261, 210, 0)","(240, 132, 0)","(155, 130, 0)","(104, 153, 0)","(267, 170, 0)","(223, 318, 0)","(174, 320, 0)","(222, 269, 0)","(174, 270, 0)","(222, 221, 0)","(175, 221, 0)","(197, 90, 0)","(197.5, 131.0, 0.0)","(198.5, 221.0, 0.0)","(198.5, 221.0, 0.0)","(198.0, 176.0, 0.0)"
"(103, 112, 0)","(261, 210, 0)","(240, 132, 0)","(155, 130, 0)","(107, 153, 0)","(267, 170, 0)","(223, 318, 0)","(174, 320, 0)","(222, 269, 0)","(174, 270, 0)","(222, 221, 0)","(175, 221, 0)","(197, 90, 0)","(197.5, 131.0, 0.0)","(198.5, 221.0, 0.0)","(198.5, 221.0, 0.0)","(198.0, 176.0, 0.0)"
"(97, 111, 0)","(260, 210, 0)","(240, 132, 0)","(155, 130, 0)","(110, 153, 0)","(267, 170, 0)","(223, 318, 0)","(174, 320, 0)","(222, 269, 0)","(174, 270, 0)","(222, 221, 0)","(175, 221, 0)","(197, 90, 0)","(197.5, 131.0, 0.0)","(198.5, 221.0, 0.0)","(198.5, 221.0, 0.0)","(198.0, 176.0, 0.0)"
"(92, 110, 0)","(260, 210, 0)","(240, 132, 0)","(156, 129, 0)","(110, 153, 0)","(268, 170, 0)","(223, 318, 0)","(174, 320, 0)","(222, 269, 0)","(174, 270, 0)","(222, 221, 0)","(175, 221, 0)","(197, 90, 0)","(198.0, 130.5, 0.0)","(198.5, 221.0, 0.0)","(198.5, 221.0, 0.0)","(198.25, 175.75, 0.0)"
"(91, 110, 0)","(260, 210, 0)","(240, 132, 0)","(156, 129, 0)","(111, 153, 0)","(268, 170, 0)","(223, 318, 0)","(174, 320, 0)","(222, 269, 0)","(174, 270, 0)","(222, 221, 0)","(175, 221, 0)","(197, 90, 0)","(198.0, 130.5, 0.0)","(198.5, 221.0, 0.0)","(198.5, 221.0, 0.0)","(198.25, 175.75, 0.0)"
"(93, 110, 0)","(260, 210, 0)","(240, 132, 0)","(156, 129, 0)","(111, 153, 0)","(267, 170, 0)","(223, 318, 0)","(174, 320, 0)","(222, 269, 0)","(174, 270, 0)","(222, 221, 0)","(175, 221, 0)","(197, 89, 0)","(198.0, 130.5, 0.0)","(198.5, 221.0, 0.0)","(198.5, 221.0, 0.0)","(198.25, 175.75, 0.0)"
"(96, 110, 0)","(260, 210, 0)","(240, 131, 0)","(156, 129, 0)","(110, 153, 0)","(267, 170, 0)","(223, 318, 0)","(173, 320, 0)","(222, 268, 0)","(174, 270, 0)","(222, 221, 0)","(175, 221, 0)","(197, 90, 0)","(198.0, 130.0, 0.0)","(198.5, 221.0, 0.0)","(198.5, 221.0, 0.0)","(198.25, 175.5, 0.0)"
"(106, 110, 0)","(260, 210, 0)","(240, 131, 0)","(155, 129, 0)","(110, 153, 0)","(267, 170, 0)","(223, 318, 0)","(173, 320, 0)","(222, 268, 0)","(174, 269, 0)","(222, 221, 0)","(175, 221, 0)","(197, 90, 0)","(197.5, 130.0, 0.0)","(198.5, 221.0, 0.0)","(198.5, 221.0, 0.0)","(198.0, 175.5, 0.0)"
"(114, 110, 0)","(260, 210, 0)","(239, 131, 0)","(154, 129, 0)","(107, 153, 0)","(267, 170, 0)","(223, 318, 0)","(173, 320, 0)","(222, 268, 0)","(174, 270, 0)","(222, 221, 0)","(175, 221, 0)","(197, 90, 0)","(196.5, 130.0, 0.0)","(198.5, 221.0, 0.0)","(198.5, 221.0, 0.0)","(197.5, 175.5, 0.0)"
"(122, 112, 0)","(260, 210, 0)","(239, 131, 0)","(154, 130, 0)","(105, 154, 0)","(267, 170, 0)","(223, 318, 0)","(173, 320, 0)","(222, 268, 0)","(174, 270, 0)","(222, 221, 0)","(175, 221, 0)","(197, 90, 0)","(196.5, 130.5, 0.0)","(198.5, 221.0, 0.0)","(198.5, 221.0, 0.0)","(197.5, 175.75, 0.0)"
"(126, 113, 0)","(260, 210, 0)","(239, 131, 0)","(154, 130, 0)","(103, 154, 0)","(267, 170, 0)","(223, 318, 0)","(173, 320, 0)","(222, 268, 0)","(173, 270, 0)","(222, 221, 0)","(175, 221, 0)","(196, 90, 0)","(196.5, 130.5, 0.0)","(198.5, 221.0, 0.0)","(198.5, 221.0, 0.0)","(197.5, 175.75, 0.0)"
"(127, 114, 0)","(260, 210, 0)","(239, 131, 0)","(154, 130, 0)","(102, 154, 0)","(267, 170, 0)","(223, 318, 0)","(173, 320, 0)","(222, 268, 0)","(173, 270, 0)","(222, 221, 0)","(174, 221, 0)","(196, 90, 0)","(196.5, 130.5, 0.0)","(198.0, 221.0, 0.0)","(198.0, 221.0, 0.0)","(197.25, 175.75, 0.0)"
"(124, 114, 0)","(260, 210, 0)","(239, 131, 0)","(154, 130, 0)","(103, 154, 0)","(267, 170, 0)","(223, 318, 0)","(173, 320, 0)","(222, 268, 0)","(173, 270, 0)","(221, 221, 0)","(174, 221, 0)","(196, 90, 0)","(196.5, 130.5, 0.0)","(197.5, 221.0, 0.0)","(197.5, 221.0, 0.0)","(197.0, 175.75, 0.0)"
"(123, 112, 0)","(260, 209, 0)","(239, 131, 0)","(155, 130, 0)","(107, 154, 0)","(267, 170, 0)","(223, 318, 0)","(173, 320, 0)","(222, 269, 0)","(173, 270, 0)","(221, 221, 0)","(174, 221, 0)","(196, 90, 0)","(197.0, 130.5, 0.0)","(197.5, 221.0, 0.0)","(197.5, 221.0, 0.0)","(197.25, 175.75, 0.0)"
"(113, 112, 0)","(260, 209, 0)","(239, 131, 0)","(155, 130, 0)","(110, 154, 0)","(267, 169, 0)","(223, 318, 0)","(173, 320, 0)","(222, 269, 0)","(173, 270, 0)","(221, 221, 0)","(175, 221, 0)","(196, 90, 0)","(197.0, 130.5, 0.0)","(198.0, 221.0, 0.0)","(198.0, 221.0, 0.0)","(197.5, 175.75, 0.0)"
"(102, 112, 0)","(260, 209, 0)","(239, 131, 0)","(155, 129, 0)","(111, 154, 0)","(267, 169, 0)","(223, 318, 0)","(173, 320, 0)","(222, 269, 0)","(173, 270, 0)","(221, 221, 0)","(175, 221, 0)","(196, 90, 0)","(197.0, 130.0, 0.0)","(198.0, 221.0, 0.0)","(198.0, 221.0, 0.0)","(197.5, 175.5, 0.0)"
"(95, 111, 0)","(260, 209, 0)","(239, 131, 0)","(156, 129, 0)","(112, 154, 0)","(267, 169, 0)","(223, 318, 0)","(173, 320, 0)","(222, 269, 0)","(173, 270, 0)","(221, 221, 0)","(175, 221, 0)","(196, 89, 0)","(197.5, 130.0, 0.0)","(198.0, 221.0, 0.0)","(198.0, 221.0, 0.0)","(197.75, 175.5, 0.0)"
"(92, 112, 0)","(260, 209, 0)","(239, 131, 0)","(156, 129, 0)","(113, 154, 0)","(267, 169, 0)","(223, 318, 0)","(173, 320, 0)","(222, 270, 0)","(173, 271, 0)","(221, 221, 0)","(175, 221, 0)","(196, 89, 0)","(197.5, 130.0, 0.0)","(198.0, 221.0, 0.0)","(198.0, 221.0, 0.0)","(197.75, 175.5, 0.0)"
"(93, 112, 0)","(260, 209, 0)","(239, 131, 0)","(157, 129, 0)","(114, 154, 0)","(267, 169, 0)","(222, 318, 0)","(173, 320, 0)","(222, 270, 0)","(173, 271, 0)","(221, 221, 0)","(175, 221, 0)","(196, 89, 0)","(198.0, 130.0, 0.0)","(198.0, 221.0, 0.0)","(198.0, 221.0, 0.0)","(198.0, 175.5, 0.0)"
"(96, 113, 0)","(260, 209, 0)","(239, 131, 0)","(157, 129, 0)","(114, 155, 0)","(267, 169, 0)","(222, 318, 0)","(173, 320, 0)","(222, 270, 0)","(173, 271, 0)","(221, 221, 0)","(175, 221, 0)","(196, 89, 0)","(198.0, 130.0, 0.0)","(198.0, 221.0, 0.0)","(198.0, 221.0, 0.0)","(198.0, 175.5, 0.0)"
"(99, 114, 0)","(260, 209, 0)","(239, 131, 0)","(156, 129, 0)","(114, 156, 0)","(266, 169, 0)","(222, 318, 0)","(173, 320, 0)","(222, 270, 0)","(173, 271, 0)","(221, 221, 0)","(175, 221, 0)","(196, 89, 0)","(197.5, 130.0, 0.0)","(198.0, 221.0, 0.0)","(198.0, 221.0, 0.0)","(197.75, 175.5, 0.0)"
"(110, 113, 0)","(260, 209, 0)","(239, 131, 0)","(156, 129, 0)","(114, 156, 0)","(266, 168, 0)","(222, 318, 0)","(173, 320, 0)","(222, 270, 0)","(173, 271, 0)","(221, 221, 0)","(175, 220, 0)","(196, 89, 0)","(197.5, 130.0, 0.0)","(198.0, 220.5, 0.0)","(198.0, 220.5, 0.0)","(197.75, 175.25, 0.0)"
"(120, 114, 0)","(260, 209, 0)","(239, 131, 0)","(156, 129, 0)","(113, 156, 0)","(266, 168, 0)","(222, 318, 0)","(173, 320, 0)","(221, 270, 0)","(172, 271, 0)","(221, 221, 0)","(174, 220, 0)","(195, 89, 0)","(197.5, 130.0, 0.0)","(197.5, 220.5, 0.0)","(197.5, 220.5, 0.0)","(197.5, 175.25, 0.0)"
"(125, 115, 0)","(260, 209, 0)","(239, 131, 0)","(156, 130, 0)","(109, 157, 0)","(266, 168, 0)","(222, 318, 0)","(173, 320, 0)","(221, 268, 0)","(172, 271, 0)","(221, 221, 0)","(174, 220, 0)","(195, 89, 0)","(197.5, 130.5, 0.0)","(197.5, 220.5, 0.0)","(197.5, 220.5, 0.0)","(197.5, 175.5, 0.0)"
"(127, 116, 0)","(260, 209, 0)","(239, 131, 0)","(156, 130, 0)","(107, 157, 0)","(266, 168, 0)","(222, 318, 0)","(172, 320, 0)","(221, 268, 0)","(172, 271, 0)","(221, 221, 0)","(174, 220, 0)","(195, 89, 0)","(197.5, 130.5, 0.0)","(197.5, 220.5, 0.0)","(197.5, 220.5, 0.0)","(197.5, 175.5, 0.0)"
"(127, 116, 0)","(260, 209, 0)","(239, 131, 0)","(156, 130, 0)","(107, 157, 0)","(266, 168, 0)","(222, 318, 0)","(172, 320, 0)","(221, 268, 0)","(172, 271, 0)","(221, 221, 0)","(174, 219, 0)","(195, 89, 0)","(197.5, 130.5, 0.0)","(197.5, 220.0, 0.0)","(197.5, 220.0, 0.0)","(197.5, 175.25, 0.0)"
"(124, 116, 0)","(259, 209, 0)","(238, 131, 0)","(156, 130, 0)","(107, 156, 0)","(266, 168, 0)","(222, 318, 0)","(172, 320, 0)","(220, 268, 0)","(172, 270, 0)","(221, 220, 0)","(174, 219, 0)","(195, 89, 0)","(197.0, 130.5, 0.0)","(197.5, 219.5, 0.0)","(197.5, 219.5, 0.0)","(197.25, 175.0, 0.0)"
